chat_id,analysis_type,ground_truth,prediction,is_correct,explanation
90001,sentiment,Pozitif,Pozitif,True,Kullanıcı eksik ürün bildirdi ve sorun çözüldü; müşteri teşekkür etti → olumlu sonuç.
90002,sentiment,Negatif,Negatif,True,Müşteri hesabına giriş yapamıyor ve şifresini unuttu. Şifre sıfırlama linki gelmiyor; spam klasörünü kontrol etti ancak sorun çözülmemiş durumda. 'Bu durum çok can sıkıcı' ifadesiyle memnuniyetsizliğini dile getiriyor. Bu durumda negatif sentiment.
90003,sentiment,Nötr,Nötr,True,Müşteri iade süreci hakkında bilgi talep etti ve bilgi alındı; teşekkür etti ancak sorun çözümü ya da memnuniyet ifadesi yok. Sadece bilgi paylaşımı ve rutin bir soru-cevap oldu.
90004,sentiment,Negatif,Negatif,True,"Müşteri kuponun çalışmaması nedeniyle öfke/hayal kırıklığı ifade ediyor. Çözüm sağlanamadı ve müşteri hizmetini eleştiriyor ('Hiç yardımcı olmuyorsunuz'), zaman kaybı olduğundan durum negatif olarak değerlendiriliyor."
90005,sentiment,Pozitif,Pozitif,True,"Müşteri siparişini iptal ettirmek istedi ve sorun çözüldü; iade süreci başlatılacak olarak bilgilendirildi. Müşteri memnuniyetini gösteren teşekkür etti, bu nedenle pozitif sentiment."
90006,sentiment,Nötr,Pozitif,False,İade kargosu için bilgi verildi (2 gün içinde ulaşacağı belirtildi) ve sorun çözüldü; kullanıcı teşekkür etti. Bu nedenle memnuniyet içeren pozitif bir geri bildirim olarak değerlendirildi.
90007,sentiment,Negatif,Negatif,True,Müşteri defolu ürün nedeniyle değişim/iade talep ediyor ancak fotoğraf kanıtı gerekliliğinden dolayı sürecin kendisine uygun olmadığını belirtiyor ve 'Bu çok saçma!' diyerek hayal kırıklığını ifade ediyor. Sorun şu an çözülmedi ve müşteri memnuniyetsiz.
90008,sentiment,Nötr,Nötr,True,Kullanıcı üyelik bilgilerini güncelleme konusunda bilgi aldı ve teşekkür etti. Ancak sorun çözümü veya memnuniyet ifadesi içermiyor; yalnızca bilgi paylaşımı yönlendirmesiyle devam eden rutin bir etkileşim.
90009,sentiment,Pozitif,Pozitif,True,"Müşteri faturadaki hatayı bildirdi; bot hatayı düzelterek yeni faturayı göndereceğini söyledi ve özür diledi. Sonrasında müşteri 'Çok teşekkürler, çok iyi oldu bu.' diyerek memnuniyet ifade etti. Sorun çözüldü ve olumlu geri bildirim verildi."
90010,sentiment,Negatif,Negatif,True,"Müşteri, siparişini iptal etmek istiyor fakat sistemde iptal butonu yok ve çözüm olarak iade sürecine yönlendiriliyor; sipariş kargoya verildiği için iptal mümkün değil ve müşteri çözüm bulamamış durumda. Sonuç olarak, hizmeti 'çok kötü bir hizmet' şeklinde eleştiriyor; sorun çözülmüş gibi görünmüyor. Bu nedenle negatif sentiment."
90011,sentiment,Nötr,Nötr,True,"Müşteri stok durumu hakkında bilgi talep etti; stokta görünmüyor ve gelecek için net bir tarih verilmedi. Bilgi alındı ve müşteri teşekkür etti, ancak sorun çözülmedi ve memnuniyet ifadeleri yalnızca bilgi alma durumuyla sınırlı. Bu nedenle durum Nötr."
90012,sentiment,Negatif,Negatif,True,"Müşteri iki kez çekime ilişkin sorunu bildiriyor ve banka ekstresi veremediği için çözüm bulunmuyor. Uygulama çalışmıyor, müşteri botun faydasız olduğunu belirtiyor ve müşteri temsilcisi talep ediyor; bu, öfke/hayat kırıklığı içerir ve sorun çözüldüğü gözükmüyor. Bu durumda Negatif olarak sınıflandırılır."
90013,sentiment,Nötr,Pozitif,False,"Müşteri siparişinin hazırlanıyor olmasıyla ilgili sorun bildirdi; bot bugün kargoya verileceğini söyledi ve takip numarası gelecekti. Sonuç olarak sorun çözüldü ve müşteri teşekkür etti ('Tamam, çok sağolun')."
90014,sentiment,Negatif,Negatif,True,"Müşteri kredi kartı reddi nedeniyle yardım talep ediyor ve bot bu konuda çözüm sunamıyor. Son mesajda müşteri, 'Çok sinir bozucu bir durum' diyerek hizmete yönelik memnuniyetsizliğini ifade ediyor ve sorun çözülmedi. Bu nedenle sentiment negatif olarak değerlendiriliyor."
90015,sentiment,Nötr,Nötr,True,"Müşteri 'Ürün beden tablosunu bulamıyorum' şeklinde bilgi talep etti, sorununu bildiridi. Sonuçta müşteri kendi başına buldu ve teşekkür ya da memnuniyet ifadesi göstermedi. İçerik bilgi edinme ve rutin yönlendirmeyle ilerledi; herhangi bir olumlu ya da olumsuz duygu ifadisi bulunmuyor. Bu yüzden sentiment Nötr."
90016,sentiment,Negatif,Negatif,True,Müşteri adres güncellemesiyle ilgili çözüm beklerken siparişin kargoya verildiğini öğrendi ve süreçle ilgili tatminsizlik ifade etti. Son mesajında 'Hiçbir işe yarıyorsunuz' ve 'beni kargoya yönlendiriyorsunuz' gibi eleştirel ifadeler kullanıldı; sorun çözülmedi ve müşteri memnuniyetsizliğini belirtti. Bu nedenle Negatif.
90017,sentiment,Negatif,Negatif,True,Müşteri 'Çok sinirliyim' diyerek açıkça öfke ve hayal kırıklığı ifade ediyor. Yorumunun neden yayınlanmadığına dair açıklama talep ediyor; şu anda sorun çözülmüş görünmüyor ve müşteri memnuniyetsiz. Bu durumda olumsuz bir sentiment olarak sınıflandırılır.
90018,sentiment,Nötr,Nötr,True,Müşteri hata bildirdi ve çözüm henüz kesin olarak uygulanmadı. Son mesajında “Anladım. Teşekkürler.” dediği için bilgi alımı/normal teşekkür türü bir iletişim olarak kabul ediliyor; şu anda sorun çözümlenmiş memnuniyet ifade eden bir durum yok. Bu nedenle nötr sentiment olarak sınıflandırılır.
90019,sentiment,Negatif,Negatif,True,Müşteri ödemesi alınmasına rağmen siparişlerin görünmediğini belirtiyor ve sistem için olumsuz bir eleştiri yapıyor ('Bu ne kadar kötü bir sistem'). Paramın iadesini istiyor ve şu anda ne yapacağını soruyor; sorun çözülmedi görünüyor.
90020,sentiment,Nötr,Nötr,True,"Bilgi almak için geldi, ürün hakkında bilgi aldı ve teşekkür etti; çözüm/ memnuniyet ifadeleri olmadığından nötr olarak değerlendiriyoruz."
90021,sentiment,Pozitif,Pozitif,True,"Müşteri eksik promosyon ürünlerini bildirdi, sorun çözüldü ve müşteri hızlı çözüme teşekkür etti."
90022,sentiment,Negatif,Negatif,True,"Müşteri, siparişinin iptal edildiğini ancak iadesinin 1 hafta geçmesine rağmen yapılmadığını belirtiyor ve 'Çok iyi bir hizmet değil bu' diyerek memnuniyetsizliğini ifade ediyor. Sorun çözülmediği için olumsuz bir duygu tetiklenmiş."
90023,sentiment,Pozitif,Pozitif,True,"Müşteri hasarlı ürün bildirdi ve çözüm olarak yenisiyle değiştirileceği belirtildi. Ardından müşteri “Çok iyi, teşekkürler!” diyerek memnuniyet ifadede bulundu. Sorunun çözüldüğü ve memnuniyetin belirtildiği bir durumda sentiment Pozitif olarak sınıflandırılır."
90024,sentiment,Negatif,Negatif,True,Müşteri değişim talebinde bulunuyor ancak değiştirme seçeneğinin olmadığını düşünüyor; iade ve yeniden sipariş sürecinin zahmetli olduğunu belirterek hizmeti eleştiriyor ve 'Çok kötü bir sistem' ifadesiyle memnuniyetsizliğini net şekilde dile getiriyor. Sorun şu anda çözülmemiş.
90025,sentiment,Nötr,Nötr,True,"Kullanıcı bilgi almak için geldi, bilgi alındı ve teşekkür etti. Sorun çözümü yok ve memnuniyet ifadesi sınırlı; bilgilendirme işlemi nötr olarak değerlendirilir."
90026,sentiment,Pozitif,Pozitif,True,Müşteri yanlış ürün geldiğini bildirdi ve çözüme yönelik adımlar sağlandı: doğru ürünün en kısa sürede gönderileceği ve yanlış ürünün ücretsiz iade edilebileceği bilgisi verildi. Müşteri teşekkür etti ve memnun kaldı.
90027,sentiment,Nötr,Nötr,True,"Kullanıcı hesap kapatma talebinde bulundu, bot talimatı verdi ve kullanıcı 'Anladım, teşekkürler' dedi; sorun çözümü yok, bilgi paylaşımı ve teşekkür içeriyor."
90028,sentiment,Negatif,Negatif,True,"Müşteri eksik ürün nedeniyle şikayetçi ve stokta görünmesine rağmen ürünün bulunmadığı için siparişe eklenemediğini öğrendi. Çözüm olarak para iadesi önerildi; müşteri iade istememekte ve ürünü istiyor. ""Çok kötü bir deneyim oldu"" ifadesi memnuniyetsizliği gösteriyor. Sorun müşterinin talebi doğrultusunda çözülmemiş olduğundan negatif."
90029,sentiment,Pozitif,Pozitif,True,Müşteri iade süreciyle ilgili sorun bildirdi ve sorun çözüldü; bot yeni bir iade kodu oluşturduktan sonra müşteri 'Harika! Çok teşekkürler.' diyerek memnuniyetini ifade etti. Çözüm ve teşekkür üzerinden olumlu sonuç oluştu.
90030,sentiment,Pozitif,Pozitif,True,"Müşteri teslimat adresindeki hatayı düzeltme konusunda yardım istedi ve bot uygun adımları sundu. Sonrasında müşteri teşekkür etti ve memnuniyet ifade etti: 'Teşekkürler, çok yardımcı oldunuz.' Bu, sorun çözümü/yardım için olumlu bir geri bildirimdir."
90031,sentiment,Nötr,Nötr,True,Sipariş durumuna dair bilgi alınıp yanıtlandı ve müşteri sadece bilgi elde etti; sorun çözümüne ihtiyaç duyulmadı ve müşteri teşekkür etti. Bu durumda nötr olarak sınıflandırılır.
90032,sentiment,Negatif,Negatif,True,"Müşteri hesabından ödeme çekilmediğini bildiriyor ve siparişin tamamlanmadığını belirtiyor. Sorun çözülmemiş durumda ve müşteri &quot;Ne yapabilirim?&quot; diye yardım talep ediyor. Bu durum memnuniyetsizliğe işaret ediyor, dolayısıyla negatif."
90033,sentiment,Pozitif,Pozitif,True,"Müşteri sorun bildirdi: ürünü denemek için sipariş verdi, bedeni olmadı. İade süreci başlatıldı, iade kodu oluşturuldu ve kargo ücretsiz olarak verildi. Müşteri teşekkür etti ve çok hızlı olduğunu belirtti. Çözüm olumlu ve memnuniyet ifade edildi."
90034,sentiment,Negatif,Negatif,True,"Kullanıcı kupon kodunun çalışmamasını bildirdi ve çözüm bulunamadı; 'Bir çözümünüz yok mu?' ifadesiyle çözüm talebi var, son olarak 'Çok kötü bir hizmet' şeklinde net olumsuz eleştiri gösterdi. Bu nedenle sorun çözülmediği için Negatif."
90035,sentiment,Negatif,Negatif,True,Müşteri kargo takibiyle ilgili sorun bildiriyor; takip numarası çalışmıyor ve kargonun nerede olduğu konusunda net bilgi alamamış. Durumdan memnun değil ve çözüm henüz sağlanmamış.
90036,sentiment,Pozitif,Pozitif,True,Müşteri siparişini iptal etmek istedi ve sipariş kargoya verilmeden iptal edilmiştir. Sorun çözüldü ve müşteri teşekkür etti (teşekkür ederim). Bu nedenle memnuniyet ifadesiyle olumlu bir sentiment olarak değerlendirildi.
90037,sentiment,Nötr,Nötr,True,"Kullanıcı bir sorun bildirdi ve garanti kapsamında tamir olup olmadığını sordu; süreç henüz çözümlenmedi. Müşteri yalnızca teşekkür etti, ancak sorun çözülmüş gibi net bir memnuniyet ifadesi veya çözüm bildirilmediği için genel duygu nötr olarak değerlendirildi."
90038,sentiment,Nötr,Nötr,True,"Kullanıcı bilgi almak amacıyla geldi, abonelikten çıkış adımı hakkında bilgi verildi ve kullanıcı teşekkür etti; çözüm/sonuç iletilmediği için ve sadece bilgi paylaşımı olduğu için nötr."
90039,sentiment,Nötr,Pozitif,False,Müşteri kargoda gecikme bildirdi; sorun çözüldü ve teslimat yarına yapılacağı belirtildi. Müşteri teşekkür etti ve memnuniyetini ifade etti.
90040,sentiment,Negatif,Negatif,True,Müşteri iade sürecinin uzun sürmesinden şikayet ediyor; 10 gündür beklediğini belirtiyor ve sürecin ne anlama geldiğini soruyor. Son cümlede 'Artık yeter. Ne kadar kötü bir hizmet.' diyerek memnuniyetsizliğini ifade ediyor; sorun çözülmüş değil ve durum hâlâ belirsiz/çözülmemiş.
90001,intent,Eksik ürün,Eksik ürün,True,Siparişimde bir ürün eksik geldiğini bildirdi; sipariş numarası 98765432. Nasıl işlem yapılacağı soruldu; müşteri için eksik ürünün tamamının gönderileceği belirtildi.
90002,intent,Şifre sıfırlama,Şifre sıfırlama,True,"Kullanıcı hesaba giriş yapamıyor, şifresini unuttu. Şifre sıfırlama linkinin e-posta adresine gelmediğini belirtti; e-posta kutusunu ve spam klasörünü kontrol etti fakat link bulunamadı. Şu anda alternatif bir erişim yöntemi talep ediyor."
90003,intent,İade,İade,True,İade sürecinin nasıl işlediğini öğrenmek istedi.
90004,intent,Kupon,Kupon,True,"Kupon kodu çalışmıyor: 'Hoş Geldin15' kuponunu kullanmak istedim ama hata veriyor. Sepet tutarı 200 TL üzerinde. Geçerlilik koşulları kontrol edildi; farklı tarayıcı denemek ve önbelleği temizlemek önerildi, fakat sorun sürüyor. Müşteri çözüm alamadığını ve zaman kaybı olduğunu belirtti."
90005,intent,İptal,İptal,True,Müşteri siparişini iptal etmek istedi; iptal işlemi başarıyla gerçekleştirildi. Sipariş numarası: 76458902.
90006,intent,İade,İade,True,İade kargomun ne zaman ulaşacağını öğrenmek istiyorum.
90007,intent,Defolu ürün,Defolu ürün,True,"Müşteri defolu gelen ürünü belirtiyor ve değişim veya iade talep ediyor. Yetkili, defolu kısmın fotoğrafını göndermesini istiyor; müşteri telefonundan fotoğraf çekemediğini belirtiyor ve alternatif bir kanıt yolu olup olmadığını sorguluyor. Ayrıca iade/Değişim işleminin nasıl ilerleyeceğini öğrenmek istiyor."
90008,intent,Hesap bilgisi,Hesap bilgisi,True,İstek
90009,intent,Fatura hatası,Fatura hatası,True,Fiyatlar hatalı görünüyor; faturadaki hatanın düzeltileceği ve güncel faturanın e-posta ile gönderileceği belirtildi
90010,intent,İptal,İptal,True,Müşteri siparişini iptal etmek istiyor ancak sistemde 'iptal et' butonu görünmüyor; sipariş kargoya verildiği için iptal edilemiyor ve bu durumda iade süreciyle devam edilmesi gerektiği bildirildi. Müşteri ise siparişinin yeni kargoya verilmişken iptal edebilmesi gerektiğini ifade ederek hizmetten memnun olmadığını belirtiyor.
90011,intent,Stok,Stok,True,AB-456 için stok durumu ve stok yenileme tarihi bilgisi talebi
90012,intent,Ödeme,Ödeme,True,Müşteri kredi kartından iki kez çekim yapıldığını bildirdi. Banka ekstresi kanıtı isteniyor ancak müşteri telefondaki banka uygulamasını açamadığı için temin edememiştir. Müşteri ayrıca bir müşteri temsilcisi ile görüşmek istiyor (yardım talebi).
90013,intent,Kargo,Kargo,True,Sipariş hâlâ hazırlanıyor ve kargoya verilme zamanı hakkında bilgi talep ediliyor. Sipariş numarası paylaşılmış durumda.
90014,intent,Ödeme,Ödeme,True,Kredi kartımın reddedilme nedenini öğrenmek istiyorum.
90015,intent,Beden tablosu,Beden tablosu,True,Ürün beden tablosunu bulamama talebi; kullanıcı sonunda beden tablosunu buldu.
90016,intent,Adres hatası,Adres hatası,True,Adresinizi yanlış girdiniz ve düzeltme talep ediyorsunuz. Sipariş kargoya verilmedi ise hesap bölümünden adresi güncelleme seçeneğinin olduğunu belirttik; kargoya verildiyse kargo firmasıyla iletişime geçmeniz gerektiğini söyledik. Ancak bu süreç sizi rahatsız ediyor ve çözüme ulaşamadığınız hissiyatını dile getiriyorsunuz.
90017,intent,Yorum,Yorum,True,"Ürün yorumu neden yayınlanmadı, hangi kural ihlal edildiğini açıklamasını talep ediyor (bilgi almak için soruyor)."
90018,intent,Web sitesi,Web sitesi,True,Sitede gezinirken sürekli hata alıyorum. '404 not found' diyor.
90019,intent,Ödeme,Ödeme,True,"Sipariş için ödeme çekildi fakat Siparişlerim sayfasında görünmüyor; para iadesi ve süreci hakkında bilgi talep ediyor, iade/geri ödeme yapılmasını istiyor."
90020,intent,Ürün,Ürün,True,Kumaş materyali hakkında bilgi talebi
90021,intent,Eksik ürün,Eksik ürün,True,Siparişte promosyon ürünleri eksik geldi; eksik olanlar çanta ve cüzdan. Sipariş numarası 85472196 ile bildirildi.
90022,intent,İade,İade,True,İptal edilen siparişin iadesinin durumu hakkında bilgi almak istiyor; iade takibi ve bankaya yansıma süresi (1-5 iş günüdür) konusunda güncel bilgi talep ediyor; müşteri şikayetçi.
90023,intent,Hasarlı ürün,Hasarlı ürün,True,Kargo kaynaklı hasar bildirilmiş; sipariş numarası 78965412; hasarlı ürün için fotoğraf iletildi; en kısa sürede yenisiyle değiştirme işlemi başlatıldı.
90024,intent,Değişim,Değişim seçeneği,False,"Müşteri, ürünü rengini beğenmediği için değişim yapmak istiyor; mevcut değişim seçeneğinin olmadığını ve iade + yeniden sipariş sürecinin zahmetli olduğunu belirtiyor."
90025,intent,İndirim,İndirim,True,İndirim kampanyaları hakkında bilgi almak istiyorum.
90026,intent,Yanlış ürün,Yanlış ürün,True,Yanlış ürün teslim edildiği için iade süreci ve doğru ürünün gönderimi talebi/çabası.
90027,intent,Hesap kapatma,Hesap kapatma,True,Hesabımı kapatmak istiyorum
90028,intent,Eksik ürün,Eksik ürün,True,"Stokta görünen bir ürün siparişte eksik çıktı; stokta olmadığını söyleyip siparişe eklenemediğini belirttiniz. İade teklif edildi, siz iade istemiyorsunuz ve ürünü almayı talep ediyorsunuz. Bu durumdan memnun değilsiniz ve çözüm talep ediyorsunuz."
90029,intent,İade,İade,True,İade kodunun geçersiz olduğundan iade süreciyle ilgili sorun yaşadım; yeni bir iade kodu verildi: ABC-5678.
90030,intent,Adres hatası,Adres hatası,True,Teslimat adresinde hata olduğunu fark etti; adres güncelleme adımlarının ve gerekli süreç hakkında bilgi almak istiyor.
90031,intent,Sipariş,Destek,False,"Hata: Could not parse response content as the length limit was reached - CompletionUsage(completion_tokens=5000, prompt_tokens=2674, total_tokens=7674, completion_tokens_details=CompletionTokensDetails(accepted_prediction_tokens=0, audio_tokens=0, reasoning_tokens=5000, rejected_prediction_tokens=0), prompt_tokens_details=PromptTokensDetails(audio_tokens=0, cached_tokens=0))"
90032,intent,Ödeme,Ödeme,True,Sipariş numarası 34567890 ile sipariş verdim ancak hesabımdan ödeme çekilmedi ve sipariş tamamlanmadı. Ne yapmam gerekiyor?
90033,intent,Beden,Beden,True,Beden uyuşmazlığı nedeniyle iade talebi başlatıldı. Sipariş numarası: 12398765.
90034,intent,Kupon,Kupon,True,"Kupon kodunun çalışmamasıyla ilgili yardım talebi. Müşteri, kuponun süresinin dolmadığını ve geçerli olduğu ürün/sepet kriterlerini karşıladığını belirtti; sistemde kuponla ilgili hata görünmediğini iletildi; müşteri alternatif bir çözüm talep ediyor ve hizmetten memnun olmadığını dile getiriyor."
90035,intent,Kargo,Kargo,True,Kargom nerede kaldı? Takip numarası 1234567890 çalışmıyor; kargo hâlâ teslim edilmemiş görünüyor ve müşteriden tahmini teslim süresi hakkında bilgi ile durumdan memnuniyetsizlik ifade ediliyor.
90036,intent,İptal,İptal,True,Sipariş iptal talebi; Sipariş numarası: 87654321; sipariş kargoya verilmeden iptal edilmiştir.
90037,intent,Teknik sorun,Teknik sorun,True,Kulaklıkta şarj tutmama hatası var; garanti kapsamında tamir edilip edilemeyeceği soruldu; teknik servise göndermek gerektiği belirtildi; gönderim için adres/gönderim detayları için e-posta paylaşılacak.
90038,intent,Abonelik,Abonelik,True,E-posta bülteninden çıkış talebi
90039,intent,Kargo,Kargo,True,Kargodaki gecikme nedeniyle teslimatın neden gelmediğini ve güncel kargo durumunu öğrenmek istiyor; tahmini teslimat tarihi için bilgi talep ediyor.
90040,intent,İade,İade,True,İade sürecinin bu kadar uzun sürmesinin nedeni nedir? 10 gündür bekliyorum. İade numarası 123456 olan kargo depomuza ulaşmış durumda ve incelemede. Bankaya yansımadan önce 1-3 iş günü süreceği belirtilmişti; ancak şu anda 10 gün geçti ve net bir zaman bilgisi almak istiyorum.
90001,resolution,Çözüldü,Çözüldü,True,"Eksik ürün sorunu için sipariş incelenip hata tespit edildi. Yeni ürünün en kısa sürede gönderileceği bilgisi verildi ve özür dilendi. Müşteri teşekkür etti; 'Harika, teşekkür ederim!' şeklindeki olumlu tepki çözüme işaret etti. Bu durumda bilgi verilmesi ve müşteri memnuniyetinin sağlanması nedeniyle çözüm kabul edildi."
90002,resolution,Çözülemedi,Çözülemedi,True,"Müşteri hesabına girişte sorun yaşıyor; şifre sıfırlama için link gelmiyor. Şu aşamada yalnızca spam klasör kontrolü önerildi; alternatif bir yöntem (SMS doğrulama, güvenlik soruları, manuel sıfırlama vb.) sunulmadı. Müşteri hâlâ çözüm bekliyor ve memnuniyet belirtisi yok. Sonraki adımlar için ek aksiyonlar gerekiyor (ör. hesap doğrulama ile manuel sıfırlama talebi, e-posta teslimat durumunun incelenmesi, geçici erişim yöntemi sağlanması)."
90003,resolution,Çözüldü,Çözüldü,True,"Bilgi verildi + müşteri teşekkür etti. Verilen iade bilgisi: iade süresi 14 gün; ürünü orijinal paketiyle iade etmek; iade kodu için sipariş numarası talep edilmesi. Müşteri 'Anladım, teşekkürler' dediği için çözüm kabul edildi."
90004,resolution,Çözülemedi,Çözülemedi,True,"Müşteri 'Hoş Geldin15' kuponunu kullanırken hata alıyor. Müşteri, kuponun geçerlilik koşullarını kontrol ettiğini ve sepette 200 TL olduğunu doğruladı. Bot daha önce farklı bir tarayıcı denemeyi ve önbelleği temizlemeyi önerdi; müşteri bu adımları zaten uyguladığını belirtti. Dolayısıyla şu aşamada somut bir çözüm alınamadı ve müşteri duruma karşı memnun değil. Çözüm sağlanamadığı için durum çözülemedi. Gelecek adım olarak, promosyon ekibiyle kuponun geçerliliğini/veri tabanında uygulanabilirliğini kontrol etmek, gerekirse kuponu manuel olarak uygulamak veya alternatif bir promosyon sunmak ve müşteriye net geri dönüş vermek önerilir."
90005,resolution,Çözüldü,Çözüldü,True,Sipariş iptal edildi ve iade süreciyle ilgili bilgi verildi. Müşteri teşekkür ettiği için çözüm kabul edildi.
90006,resolution,Çözüldü,Çözüldü,True,Müşteriye iade süreciyle ilgili bilgi verildi: takip kodu paylaşıldı ve iadenin 2 gün içinde teslim alınacağı belirtildi. Müşteri teşekkür etti ve bilgiye memnun kaldığı için çözüm kabul edildi.
90007,resolution,Çözülemedi,Çözülemedi,True,"Kullanıcı defolu ürün için iade/ değişim talebinde bulundu ancak 'defolu için fotoğraflı kanıt gerekir' yanıtı verildi ve müşteri fotoğraf çekememediğini belirtti. Alternatif kanıt veya yol (video, e-posta ile kanıt, başka bir doğrulama yöntemi) sunulmadığı için işlemin geçmesi ve müşterinin memnuniyetinin sağlanması için somut adım atılmadı. Bu durumda sorun devam etmekte; müşteri tatmin olmamış durumda ve ek çözüm önerileri sunulmalı (alternatif kanıt seçenekleri, süreçte yönlendirme veya insan temasına geçiş)."
90008,resolution,Çözüldü,Çözüldü,True,Çözüm durumu: Çözüldü. Neden: Müşteriye hesap güncelleme adımlarını (Hesabım sayfası > Bilgilerimi Düzenle) açıklandı ve gerekli bilgi verildi. Müşteri teşekkür etti ve 'deneyeceğim' ifadesiyle çözüme onay verdi. Bu nedenle çözüm kabul edildi.
90009,resolution,Çözüldü,Çözüldü,True,"Bot, faturadaki hatayı düzelterek yeni faturayı göndereceğini bildirdi ve müşteri teşekkür etti. Bilgi/veri paylaşımı ve müşteri memnuniyeti ifadesi birleşince çözüm kabul edilmiş sayılır."
90010,resolution,Çözülemedi,Çözülemedi,True,"Kullanıcı iptal talebinde bulundu ancak sipariş kargoya verildiği için iptal butonu görünmüyor ve mevcut durumda iade süreci uygulanması gerektiği belirtildi. Bot şu ana kadar somut bir çözüm (iptal onayı, iade başlatma gibi) sunmadı ve müşteri hizmetlerinden memnuniyetini ifade etmedi; müşteri “çok kötü bir hizmet” diyerek tatmin olmadığını gösteriyor. Bilgi verilmiş olsa da müşteriden teşekkür/anlayış ifadesi veya onay/tekrarlama gibi çözüm kabul göstergesi bulunmuyor. Bu nedenle durum çözüm olarak kaydedilmedi."
90011,resolution,Çözüldü,Çözüldü,True,Kullanıcı stok durumu hakkında bilgilendirildi: AB-456 ürünü için henüz stok yenileme tarihi belirlenmemiş. Müşteri 'Anladım. Teşekkürler yine de.' dediği için bilgi verildi ve müşteri memnun kaldı. Bu nedenle çözüm kabul edildi.
90012,resolution,Çözülemedi,Çözülemedi,True,"Müşteri iki kez çekim yapıldığını bildirdi ancak banka ekstresi kanıtı sunamadığı için durum çözümlenemedi. Ayrıca müşteri bir müşteri temsilcisiyle görüşmek istediğini belirtti; şu anda canlı destek bağlantısı sağlanmadı. Aşılması gereken adımlar: 1) Müşteriyi canlı müşteri temsilcisine bağlamak; 2) Çift çekim olduğunu doğrulamak için sipariş numarası, işlem tarihi/saat, çekim tutarı, banka adı ve mümkünse işlem referans numarası gibi bilgileri toplamak; 3) Ekran görüntüsü veya alternatif kanıtlar mevcut değilse bile işlem bilgilerinin toplanmasına çalışmak; 4) Gerekirse iade/inceleme süreçlerini başlatmak ve müşteriye süreç hakkında bilgi vermek."
90013,resolution,Çözüldü,Çözüldü,True,"Siparişin bugün kargoya verileceği bilgisi paylaşıldı ve takip numarasının e-posta ile gönderileceği belirtildi. Müşteri teşekkür etti, bu durumda çözüm kabulü olarak değerlendirildi."
90014,resolution,Çözülemedi,Çözülemedi,True,"Müşteri kredi kartı reddinin nedenini öğrenmek istiyor. Bot güvenlik nedeniyle nedeni göremediğini söyledi ve bankayla görüşmesini önerdi. Bu durumda somut aksiyon alınmadı ve müşteri memnuniyetsiz; net adım veya çözüm sağlanmadı. Bilgi olarak bankayla iletişim önerisi verildi, ancak müşteri teşekkür etmedi ve olumlu geri dönüş olmadı; bu nedenle çözüm sağlanmadı."
90015,resolution,Çözüldü,Çözüldü,True,"Kullanıcı beden tablosunu buldu ve sorun çözüldü. Bot yönlendirmesiyle ürün sayfasında 'Beden Tablosu' bilgisi bulunabildi; kullanıcı 'Tamam, buldum şimdi' diyerek çatışmayı çözdüğünü ve çözümü kabul etti. Bu durumda bilgi sağlanmış ve kullanıcı memnun kaldı olarak değerlendiriliyor."
90016,resolution,Çözülemedi,Çözülemedi,True,Adres hatası için şu anda net bir çözüm sağlanamadı. Sipariş kargoya verilmiş olduğundan müşteri kargo firmasıyla iletişime geçme yönlendirilmiş durumda ve bu durumda müşteri için tatmin edici bir çözüm elde edilmedi; müşteri memnun olmayıp şikayetini sürdürmektedir.
90017,resolution,Çözülemedi,Çözülemedi,True,"Müşteri, yorumunun hangi kurala aykırı olduğunun açıklanmasını talep ediyor. Mevcut konuşmada bot, genel bir açıklama sunmuş olsa da spesifik hangi kuralın ihlal edildiğini belirtmemiş ve müşteri hâlâ sinirli şekilde cevap veriyor. Şu ana kadar somut bir aksiyon (açıklama sağlanması, karar/geri dönüş) alınmadı; müşteri tatmin olmamış durumda. Çözüm için önerilen adımlar: 1) Müşteriyle hangi kurallara göre inceleme yapıldığını ve hangi özel kuralın ihlal edildiğini net olarak belirtin; 2) Gerekirse genel içerik moderasyon kurallarını kısa ve anlaşılır bir özet olarak paylaşın ve örnekler verin; 3) Gerekirse moderasyon ekibiyle inceleme yapıp net cevap verin; 4) Müşteriye sakin bir dille destek verin ve sürecin nasıl işleyeceğini adım adım anlatın."
90018,resolution,Çözüldü,Çözüldü,True,Kullanıcı 'Anladım. Teşekkürler.' dediği için çözüm kabul edildi olarak değerlendiriyoruz. Ayrıca teknik ekibin hatayı çözeceği bilgisi paylaşıldı ve müşteri teşekkür etti.
90019,resolution,Çözülemedi,Çözülemedi,True,"Kullanıcının ödemesi hesabından çekildiği halde siparişler sayfasında görünmüyor ve iade/geri ödeme süreciyle ilgili net aksiyon alınmadı. Verilen yanıt sadece “bir süre bekleyin” şeklinde belirsiz bir çözüm sunuyor; müşterinin para iadesi talebi karşılanmadı ve konu çözümlenmedi. Bir sonraki adım olarak sipariş ile ödeme bilgisinin doğrulanması, iade/geri ödeme sürecinin başlatılması veya müşteriye net ETA/veri paylaşımı yapılması gerekir. Ayrıca müşteriye hangi adımları izlemeleri gerektiği konusunda yönlendirme verilmeli ve mümkünse bir çözüm takibi sağlanmalı."
90020,resolution,Çözüldü,Çözüldü,True,Müşteri kumaş bilgisi istedi. Ürün açıklamasında bu bilginin bulunduğu bilgisi verildi ve müşteri bunu teyit ederek teşekkür etti. Bilgi verme + teşekkür = Çözüm kabul edildi. Bu nedenle durum Çözüldü olarak değerlendirildi.
90021,resolution,Çözüldü,Çözüldü,True,"Müşteri eksik promosyon ürünleri için sipariş numarasını verdi; bot eksik ürünlerin en kısa sürede kargoya verileceğini bildirdi ve özür diledi. Müşteri 'Çok teşekkür ederim, hızlı çözüm için' dedi; Bu bilgi verme + teşekkür kombinasyonu olduğundan çözüm kabul edildi."
90022,resolution,Çözülemedi,Çözülemedi,True,"Müşteri siparişini iptal ettiğini ve yaklaşık bir haftadır iadesinin banka hesabına geçmesini beklediğini belirtti. Bot ise yalnızca iade süresinin 1-5 iş günlüğü olduğunu bildirdi ve süreçle ilgili herhangi bir aksiyon (iade durumunun kontrolü, finansla iletişime geçilmesi veya iade işleminin hızlandırılması gibi) sunmadı. Bu nedenle durum çözümlenmedi; müşteri hala iadesinin gerçekleşmediğinden şikayetçi ve memnun değil. Yapılması gerekenler: iade kaydını ve iptal durumunu doğrulayın, iade durumunu finansla teyit edin/yeniden tetikleyin ve müşteriye net bir gün/çözüm bilgisi verin, gerekiyorsa özrünüzü ve telafi adımlarını iletin."
90023,resolution,Çözüldü,Çözüldü,True,Müşteri hasar bildirimi iletti; kargo kaynaklı olduğunu düşündüğünü belirtti. Sipariş numarası 78965412 ve hasarlı fotoğrafı iletildi. Fotoğraf incelendi ve hasarlı ürünün en kısa sürede yenisiyle değiştirilmesi bilgisi verildi; süreç hakkında bilgilendirme yapıldı ve müşteri teşekkür etti. Bu nedenle çözüm kabul edildi.
90024,resolution,Çözülemedi,Çözülemedi,True,"Müşteri değiştirme (exchange) talebini net şekilde yanıtlanmadı. Bot, iade sürecini başlatarak yeniden sipariş önerdi, ancak mevcutta exchange seçeneğinin olup olmadığını belirtmedi ve müşterinin sorusuna doğrudan cevap verilmedi. Ardından müşteri zahmetli olduğunu belirtti ve çözüm için somut bir aksiyon ya da yönlendirme almadı. Bu nedenle çözüm sağlanamadı."
90025,resolution,Çözüldü,Çözüldü,True,"Kampanyalar ana sayfa ve e-posta bülteni üzerinden erişilebilir olduğu bilgisi verildi. Müşteri 'Tamam, kontrol edeceğim. Teşekkürler' diyerek çözümü kabul etti."
90026,resolution,Çözüldü,Çözüldü,True,"Müşteri yanlış gelen ürünü bildirdi, sipariş numarası ve fotoğraf ile teyit edildi. Bot, doğru ürünün en kısa sürede gönderileceğini ve yanlış ürünün kargo ile ücretsiz iade edilebileceğini belirtti. Müşteri 'çok iyi, teşekkür ederim' diyerek memnuniyet ifade etti, çözüm kabul edildi."
90027,resolution,Çözüldü,Çözüldü,True,"Bilgi/verme: Bot hesap kapatma adımını açıkladı ('Hesabımı Kapat' butonu ile kapatabilirsiniz). Müşteri 'Anladım, teşekkürler' dedi, yani bilgi alındı ve teşekkür edildi. Bu durumda Bilgi verildi + teşekkür = Çözüm kabul edildi."
90028,resolution,Çözülemedi,Çözülemedi,True,"Ürün stokta olmadığı için siparişte eksik çıktı ve iade süreci bilgisi verildi. Müşteri ise iade istememekte, ürünü hemen almak istiyor. Şu aşamada somut bir aksiyon (örneğin backorder/bekleme listesi, alternatif ürün önerisi veya stok geldiğinde öncelikli gönderim) uygulanmadı; müşteri talebine doğrudan çözüm sunulmadığı için durum çözümlenmedi olarak kalıyor."
90029,resolution,Çözüldü,Çözüldü,True,İade kodunun süresi dolmuş olduğu için yeni bir iade kodu oluşturuldu: ABC-5678. Müşteriye gerekli bilgi verildi ve sorun çözüldü; müşteri “Harika! Çok teşekkürler.” diyerek memnuniyetini ifade etti.
90030,resolution,Çözüldü,Çözüldü,True,"Müşteri, sipariş henüz kargoya verilmediğini belirtti ve adresini hesap üzerinden güncelleyebileceğini öğrendi. Ayrıca kargoya verme süresi hakkında bilgi verildi ve müşteri teşekkür etti. Teşekkür etmesi, çözümün kabul edildiğini gösterir. Bu nedenle bilgi verme/ yönlendirme ile sorun çözüldü."
90031,resolution,Çözüldü,Çözüldü,True,"Sipariş durumuyla ilgili bilgi verildi: kargoya verilmiş ve yolda, tahmini teslimat 3-4 gün olarak belirtildi. Müşteri teşekkür etti ('Tamam, çok sağolun'), bu durumda çözüm kabul edildi."
90032,resolution,Çözülemedi,Çözülemedi,True,"Müşteri ödeme çekilmediğini belirtti ve siparişin tamamlanmadığı görüldü. Bot şu an için sadece 'tekrar deneyin' diye yönlendirdi ve müşteri 'Ne yapabilirim?' diye net bir çözüm talep etti. Şu anda somut bir aksiyon/adım uygulanmadı. İzlenebilecek adımlar: ödeme sayfasını yeniden yükleyip işlemi yeniden başlatmak, farklı ödeme yöntemi denemek, banka/finans kurulu ile iletişime geçip işlem engellerini kontrol etmek, sipariş durumunu tekrar kontrol etmek için destekle iletişime geçmek. Bu adımlar uygulanırsa süreç çözülebilir."
90033,resolution,Çözüldü,Çözüldü,True,"İade süreci başlatıldı, iade kodu oluşturuldu ve kargoya ücretsiz iade seçeneği sunuldu. Müşteri bilgi aldı ve teşekkür etti; çözüm bilgisi verildi. Bu durumda müşteri teşekkür ettiği için çözüm kabul edildi."
90034,resolution,Çözülemedi,Çözülemedi,True,"Kullanıcının kupon kodunun çalışmamasıyla ilgili somut bir çözüm sunulmadı. Yapılan kontroller sistemde sorun görünmediğini gösterse de kullanıcıya net adımlar (yeniden deneme önerisi, kuponun geçerlilik/kriterlerinin somut kontrolü, manuel uygulama/teknik destek yönlendirmesi vb.) verilmedi ve müşteri hâlâ çözüm bekliyor."
90035,resolution,Çözülemedi,Çözülemedi,True,"Müşteri halen şikayet halinde ve çözüm için tatmin edici bir aksiyon alınmamış. Bot yalnızca 'biraz bekleyin' şeklinde belirsiz bir yanıt verdi; net ETA, yeni takip bilgisi veya kargo firmasıyla durum güncellemesi gibi somut adım reddedilmedi ancak şu anda müşteri memnuniyetsizliğini gideren bir çözüm sunulmadı. Prosedür/etkileşim yönlendirmesi (örneğin hangi adımları atacağı) ve açık zaman çerçevesi sağlanmalı; aksi halde müşteri çözümü kabul etmedi. En uygun ilerleme: kargo firmasıyla iletişime geçip net teslimat bilgisi/ETA paylaşmak veya müşteri talebine uygun çözüm sunmak (yeniden takip numarası, iade/geri ödeme seçenekleri vb.)."
90036,resolution,Çözüldü,Çözüldü,True,"Sipariş iptal talebi kargoya verilmeden işleme alınmış ve iptal edilmiştir. Müşteri teşekkür etti, bu da çözümün kabul edildiğini gösterir."
90037,resolution,Çözüldü,Çözüldü,True,"Müşteriye teknik servise gönderim gerektiği bilgisi verildi ve gönderim detayları için e-posta paylaşılması istendi. Bilgi verildi + müşteri teşekkür etti (〝Tamam, teşekkürler〟), bu durum Çözüldü olarak kabul edilir."
90038,resolution,Çözüldü,Çözüldü,True,Kullanıcıya e-posta bülteninden çıkma için alt kısımdaki abonelikten çık linkinin kullanılması gerektiğini söyledik. Kullanıcı 'Anladım. Teşekkürler.' dediği için bilgi verilmesi ve memnuniyetiyle çözüm kabul edildi.
90039,resolution,Çözüldü,Çözüldü,True,"Kargo firmasıyla iletişime geçildi ve gecikme yaşandığı bilgisi paylaşıldı; teslimatın yarın yapılacağı belirtildi. Müşteri 'Tamam, teşekkürler. Artık yarın gelsin.' diyerek onayladı ve teşekkür etti."
90040,resolution,Çözülemedi,Çözülemedi,True,"Müşterinin iade süreci 10 gündür sürüyor ve şu ana kadar somut bir çözüm/ aksiyon alınmış gibi görünmüyor. Bot, iadenin 1-3 iş günü içinde bankaya yansımasının sürebileceğini belirtmiş olsa da müşteri hâlâ bekliyor ve 'artık yeter' şeklinde memnuniyetsizliğini ifade ediyor. Bilgi verilmiş olsa da güncel durum için net bir güncelleme veya hızlandırma adımı müşteriye sunulmadı. Bu nedenle durum çözümsüz olarak değerlendiriliyor ve süreçte güncelleme/ekip müdahalesi gerektiriyor."
