chat_id,predicted_resolution,explanation,confidence,raw_response,ground_truth,analysis_type,is_correct
90001,Çözüldü,"Eksik ürün sorunu için sipariş incelenip hata tespit edildi. Yeni ürünün en kısa sürede gönderileceği bilgisi verildi ve özür dilendi. Müşteri teşekkür etti; 'Harika, teşekkür ederim!' şeklindeki olumlu tepki çözüme işaret etti. Bu durumda bilgi verilmesi ve müşteri memnuniyetinin sağlanması nedeniyle çözüm kabul edildi.",Yüksek,"{'status': 'Çözüldü', 'explanation': ""Eksik ürün sorunu için sipariş incelenip hata tespit edildi. Yeni ürünün en kısa sürede gönderileceği bilgisi verildi ve özür dilendi. Müşteri teşekkür etti; 'Harika, teşekkür ederim!' şeklindeki olumlu tepki çözüme işaret etti. Bu durumda bilgi verilmesi ve müşteri memnuniyetinin sağlanması nedeniyle çözüm kabul edildi."", 'confidence': 'Yüksek'}",Çözüldü,resolution,True
90002,Çözülemedi,"Müşteri hesabına girişte sorun yaşıyor; şifre sıfırlama için link gelmiyor. Şu aşamada yalnızca spam klasör kontrolü önerildi; alternatif bir yöntem (SMS doğrulama, güvenlik soruları, manuel sıfırlama vb.) sunulmadı. Müşteri hâlâ çözüm bekliyor ve memnuniyet belirtisi yok. Sonraki adımlar için ek aksiyonlar gerekiyor (ör. hesap doğrulama ile manuel sıfırlama talebi, e-posta teslimat durumunun incelenmesi, geçici erişim yöntemi sağlanması).",Yüksek,"{'status': 'Çözülemedi', 'explanation': 'Müşteri hesabına girişte sorun yaşıyor; şifre sıfırlama için link gelmiyor. Şu aşamada yalnızca spam klasör kontrolü önerildi; alternatif bir yöntem (SMS doğrulama, güvenlik soruları, manuel sıfırlama vb.) sunulmadı. Müşteri hâlâ çözüm bekliyor ve memnuniyet belirtisi yok. Sonraki adımlar için ek aksiyonlar gerekiyor (ör. hesap doğrulama ile manuel sıfırlama talebi, e-posta teslimat durumunun incelenmesi, geçici erişim yöntemi sağlanması).', 'confidence': 'Yüksek'}",Çözülemedi,resolution,True
90003,Çözüldü,"Bilgi verildi + müşteri teşekkür etti. Verilen iade bilgisi: iade süresi 14 gün; ürünü orijinal paketiyle iade etmek; iade kodu için sipariş numarası talep edilmesi. Müşteri 'Anladım, teşekkürler' dediği için çözüm kabul edildi.",Yüksek,"{'status': 'Çözüldü', 'explanation': ""Bilgi verildi + müşteri teşekkür etti. Verilen iade bilgisi: iade süresi 14 gün; ürünü orijinal paketiyle iade etmek; iade kodu için sipariş numarası talep edilmesi. Müşteri 'Anladım, teşekkürler' dediği için çözüm kabul edildi."", 'confidence': 'Yüksek'}",Çözüldü,resolution,True
90004,Çözülemedi,"Müşteri 'Hoş Geldin15' kuponunu kullanırken hata alıyor. Müşteri, kuponun geçerlilik koşullarını kontrol ettiğini ve sepette 200 TL olduğunu doğruladı. Bot daha önce farklı bir tarayıcı denemeyi ve önbelleği temizlemeyi önerdi; müşteri bu adımları zaten uyguladığını belirtti. Dolayısıyla şu aşamada somut bir çözüm alınamadı ve müşteri duruma karşı memnun değil. Çözüm sağlanamadığı için durum çözülemedi. Gelecek adım olarak, promosyon ekibiyle kuponun geçerliliğini/veri tabanında uygulanabilirliğini kontrol etmek, gerekirse kuponu manuel olarak uygulamak veya alternatif bir promosyon sunmak ve müşteriye net geri dönüş vermek önerilir.",Orta,"{'status': 'Çözülemedi', 'explanation': ""Müşteri 'Hoş Geldin15' kuponunu kullanırken hata alıyor. Müşteri, kuponun geçerlilik koşullarını kontrol ettiğini ve sepette 200 TL olduğunu doğruladı. Bot daha önce farklı bir tarayıcı denemeyi ve önbelleği temizlemeyi önerdi; müşteri bu adımları zaten uyguladığını belirtti. Dolayısıyla şu aşamada somut bir çözüm alınamadı ve müşteri duruma karşı memnun değil. Çözüm sağlanamadığı için durum çözülemedi. Gelecek adım olarak, promosyon ekibiyle kuponun geçerliliğini/veri tabanında uygulanabilirliğini kontrol etmek, gerekirse kuponu manuel olarak uygulamak veya alternatif bir promosyon sunmak ve müşteriye net geri dönüş vermek önerilir."", 'confidence': 'Orta'}",Çözülemedi,resolution,True
90005,Çözüldü,Sipariş iptal edildi ve iade süreciyle ilgili bilgi verildi. Müşteri teşekkür ettiği için çözüm kabul edildi.,Yüksek,"{'status': 'Çözüldü', 'explanation': 'Sipariş iptal edildi ve iade süreciyle ilgili bilgi verildi. Müşteri teşekkür ettiği için çözüm kabul edildi.', 'confidence': 'Yüksek'}",Çözüldü,resolution,True
90006,Çözüldü,Müşteriye iade süreciyle ilgili bilgi verildi: takip kodu paylaşıldı ve iadenin 2 gün içinde teslim alınacağı belirtildi. Müşteri teşekkür etti ve bilgiye memnun kaldığı için çözüm kabul edildi.,Yüksek,"{'status': 'Çözüldü', 'explanation': 'Müşteriye iade süreciyle ilgili bilgi verildi: takip kodu paylaşıldı ve iadenin 2 gün içinde teslim alınacağı belirtildi. Müşteri teşekkür etti ve bilgiye memnun kaldığı için çözüm kabul edildi.', 'confidence': 'Yüksek'}",Çözüldü,resolution,True
90007,Çözülemedi,"Kullanıcı defolu ürün için iade/ değişim talebinde bulundu ancak 'defolu için fotoğraflı kanıt gerekir' yanıtı verildi ve müşteri fotoğraf çekememediğini belirtti. Alternatif kanıt veya yol (video, e-posta ile kanıt, başka bir doğrulama yöntemi) sunulmadığı için işlemin geçmesi ve müşterinin memnuniyetinin sağlanması için somut adım atılmadı. Bu durumda sorun devam etmekte; müşteri tatmin olmamış durumda ve ek çözüm önerileri sunulmalı (alternatif kanıt seçenekleri, süreçte yönlendirme veya insan temasına geçiş).",Yüksek,"{'status': 'Çözülemedi', 'explanation': ""Kullanıcı defolu ürün için iade/ değişim talebinde bulundu ancak 'defolu için fotoğraflı kanıt gerekir' yanıtı verildi ve müşteri fotoğraf çekememediğini belirtti. Alternatif kanıt veya yol (video, e-posta ile kanıt, başka bir doğrulama yöntemi) sunulmadığı için işlemin geçmesi ve müşterinin memnuniyetinin sağlanması için somut adım atılmadı. Bu durumda sorun devam etmekte; müşteri tatmin olmamış durumda ve ek çözüm önerileri sunulmalı (alternatif kanıt seçenekleri, süreçte yönlendirme veya insan temasına geçiş)."", 'confidence': 'Yüksek'}",Çözülemedi,resolution,True
90008,Çözüldü,Çözüm durumu: Çözüldü. Neden: Müşteriye hesap güncelleme adımlarını (Hesabım sayfası > Bilgilerimi Düzenle) açıklandı ve gerekli bilgi verildi. Müşteri teşekkür etti ve 'deneyeceğim' ifadesiyle çözüme onay verdi. Bu nedenle çözüm kabul edildi.,Yüksek,"{'status': 'Çözüldü', 'explanation': ""Çözüm durumu: Çözüldü. Neden: Müşteriye hesap güncelleme adımlarını (Hesabım sayfası > Bilgilerimi Düzenle) açıklandı ve gerekli bilgi verildi. Müşteri teşekkür etti ve 'deneyeceğim' ifadesiyle çözüme onay verdi. Bu nedenle çözüm kabul edildi."", 'confidence': 'Yüksek'}",Çözüldü,resolution,True
90009,Çözüldü,"Bot, faturadaki hatayı düzelterek yeni faturayı göndereceğini bildirdi ve müşteri teşekkür etti. Bilgi/veri paylaşımı ve müşteri memnuniyeti ifadesi birleşince çözüm kabul edilmiş sayılır.",Yüksek,"{'status': 'Çözüldü', 'explanation': 'Bot, faturadaki hatayı düzelterek yeni faturayı göndereceğini bildirdi ve müşteri teşekkür etti. Bilgi/veri paylaşımı ve müşteri memnuniyeti ifadesi birleşince çözüm kabul edilmiş sayılır.', 'confidence': 'Yüksek'}",Çözüldü,resolution,True
90010,Çözülemedi,"Kullanıcı iptal talebinde bulundu ancak sipariş kargoya verildiği için iptal butonu görünmüyor ve mevcut durumda iade süreci uygulanması gerektiği belirtildi. Bot şu ana kadar somut bir çözüm (iptal onayı, iade başlatma gibi) sunmadı ve müşteri hizmetlerinden memnuniyetini ifade etmedi; müşteri “çok kötü bir hizmet” diyerek tatmin olmadığını gösteriyor. Bilgi verilmiş olsa da müşteriden teşekkür/anlayış ifadesi veya onay/tekrarlama gibi çözüm kabul göstergesi bulunmuyor. Bu nedenle durum çözüm olarak kaydedilmedi.",Orta,"{'status': 'Çözülemedi', 'explanation': 'Kullanıcı iptal talebinde bulundu ancak sipariş kargoya verildiği için iptal butonu görünmüyor ve mevcut durumda iade süreci uygulanması gerektiği belirtildi. Bot şu ana kadar somut bir çözüm (iptal onayı, iade başlatma gibi) sunmadı ve müşteri hizmetlerinden memnuniyetini ifade etmedi; müşteri “çok kötü bir hizmet” diyerek tatmin olmadığını gösteriyor. Bilgi verilmiş olsa da müşteriden teşekkür/anlayış ifadesi veya onay/tekrarlama gibi çözüm kabul göstergesi bulunmuyor. Bu nedenle durum çözüm olarak kaydedilmedi.', 'confidence': 'Orta'}",Çözülemedi,resolution,True
90011,Çözüldü,Kullanıcı stok durumu hakkında bilgilendirildi: AB-456 ürünü için henüz stok yenileme tarihi belirlenmemiş. Müşteri 'Anladım. Teşekkürler yine de.' dediği için bilgi verildi ve müşteri memnun kaldı. Bu nedenle çözüm kabul edildi.,Yüksek,"{'status': 'Çözüldü', 'explanation': ""Kullanıcı stok durumu hakkında bilgilendirildi: AB-456 ürünü için henüz stok yenileme tarihi belirlenmemiş. Müşteri 'Anladım. Teşekkürler yine de.' dediği için bilgi verildi ve müşteri memnun kaldı. Bu nedenle çözüm kabul edildi."", 'confidence': 'Yüksek'}",Çözüldü,resolution,True
90012,Çözülemedi,"Müşteri iki kez çekim yapıldığını bildirdi ancak banka ekstresi kanıtı sunamadığı için durum çözümlenemedi. Ayrıca müşteri bir müşteri temsilcisiyle görüşmek istediğini belirtti; şu anda canlı destek bağlantısı sağlanmadı. Aşılması gereken adımlar: 1) Müşteriyi canlı müşteri temsilcisine bağlamak; 2) Çift çekim olduğunu doğrulamak için sipariş numarası, işlem tarihi/saat, çekim tutarı, banka adı ve mümkünse işlem referans numarası gibi bilgileri toplamak; 3) Ekran görüntüsü veya alternatif kanıtlar mevcut değilse bile işlem bilgilerinin toplanmasına çalışmak; 4) Gerekirse iade/inceleme süreçlerini başlatmak ve müşteriye süreç hakkında bilgi vermek.",Yüksek,"{'status': 'Çözülemedi', 'explanation': 'Müşteri iki kez çekim yapıldığını bildirdi ancak banka ekstresi kanıtı sunamadığı için durum çözümlenemedi. Ayrıca müşteri bir müşteri temsilcisiyle görüşmek istediğini belirtti; şu anda canlı destek bağlantısı sağlanmadı. Aşılması gereken adımlar: 1) Müşteriyi canlı müşteri temsilcisine bağlamak; 2) Çift çekim olduğunu doğrulamak için sipariş numarası, işlem tarihi/saat, çekim tutarı, banka adı ve mümkünse işlem referans numarası gibi bilgileri toplamak; 3) Ekran görüntüsü veya alternatif kanıtlar mevcut değilse bile işlem bilgilerinin toplanmasına çalışmak; 4) Gerekirse iade/inceleme süreçlerini başlatmak ve müşteriye süreç hakkında bilgi vermek.', 'confidence': 'Yüksek'}",Çözülemedi,resolution,True
90013,Çözüldü,"Siparişin bugün kargoya verileceği bilgisi paylaşıldı ve takip numarasının e-posta ile gönderileceği belirtildi. Müşteri teşekkür etti, bu durumda çözüm kabulü olarak değerlendirildi.",Yüksek,"{'status': 'Çözüldü', 'explanation': 'Siparişin bugün kargoya verileceği bilgisi paylaşıldı ve takip numarasının e-posta ile gönderileceği belirtildi. Müşteri teşekkür etti, bu durumda çözüm kabulü olarak değerlendirildi.', 'confidence': 'Yüksek'}",Çözüldü,resolution,True
90014,Çözülemedi,"Müşteri kredi kartı reddinin nedenini öğrenmek istiyor. Bot güvenlik nedeniyle nedeni göremediğini söyledi ve bankayla görüşmesini önerdi. Bu durumda somut aksiyon alınmadı ve müşteri memnuniyetsiz; net adım veya çözüm sağlanmadı. Bilgi olarak bankayla iletişim önerisi verildi, ancak müşteri teşekkür etmedi ve olumlu geri dönüş olmadı; bu nedenle çözüm sağlanmadı.",Yüksek,"{'status': 'Çözülemedi', 'explanation': 'Müşteri kredi kartı reddinin nedenini öğrenmek istiyor. Bot güvenlik nedeniyle nedeni göremediğini söyledi ve bankayla görüşmesini önerdi. Bu durumda somut aksiyon alınmadı ve müşteri memnuniyetsiz; net adım veya çözüm sağlanmadı. Bilgi olarak bankayla iletişim önerisi verildi, ancak müşteri teşekkür etmedi ve olumlu geri dönüş olmadı; bu nedenle çözüm sağlanmadı.', 'confidence': 'Yüksek'}",Çözülemedi,resolution,True
90015,Çözüldü,"Kullanıcı beden tablosunu buldu ve sorun çözüldü. Bot yönlendirmesiyle ürün sayfasında 'Beden Tablosu' bilgisi bulunabildi; kullanıcı 'Tamam, buldum şimdi' diyerek çatışmayı çözdüğünü ve çözümü kabul etti. Bu durumda bilgi sağlanmış ve kullanıcı memnun kaldı olarak değerlendiriliyor.",Yüksek,"{'status': 'Çözüldü', 'explanation': ""Kullanıcı beden tablosunu buldu ve sorun çözüldü. Bot yönlendirmesiyle ürün sayfasında 'Beden Tablosu' bilgisi bulunabildi; kullanıcı 'Tamam, buldum şimdi' diyerek çatışmayı çözdüğünü ve çözümü kabul etti. Bu durumda bilgi sağlanmış ve kullanıcı memnun kaldı olarak değerlendiriliyor."", 'confidence': 'Yüksek'}",Çözüldü,resolution,True
90016,Çözülemedi,Adres hatası için şu anda net bir çözüm sağlanamadı. Sipariş kargoya verilmiş olduğundan müşteri kargo firmasıyla iletişime geçme yönlendirilmiş durumda ve bu durumda müşteri için tatmin edici bir çözüm elde edilmedi; müşteri memnun olmayıp şikayetini sürdürmektedir.,Orta,"{'status': 'Çözülemedi', 'explanation': 'Adres hatası için şu anda net bir çözüm sağlanamadı. Sipariş kargoya verilmiş olduğundan müşteri kargo firmasıyla iletişime geçme yönlendirilmiş durumda ve bu durumda müşteri için tatmin edici bir çözüm elde edilmedi; müşteri memnun olmayıp şikayetini sürdürmektedir.', 'confidence': 'Orta'}",Çözülemedi,resolution,True
90017,Çözülemedi,"Müşteri, yorumunun hangi kurala aykırı olduğunun açıklanmasını talep ediyor. Mevcut konuşmada bot, genel bir açıklama sunmuş olsa da spesifik hangi kuralın ihlal edildiğini belirtmemiş ve müşteri hâlâ sinirli şekilde cevap veriyor. Şu ana kadar somut bir aksiyon (açıklama sağlanması, karar/geri dönüş) alınmadı; müşteri tatmin olmamış durumda. Çözüm için önerilen adımlar: 1) Müşteriyle hangi kurallara göre inceleme yapıldığını ve hangi özel kuralın ihlal edildiğini net olarak belirtin; 2) Gerekirse genel içerik moderasyon kurallarını kısa ve anlaşılır bir özet olarak paylaşın ve örnekler verin; 3) Gerekirse moderasyon ekibiyle inceleme yapıp net cevap verin; 4) Müşteriye sakin bir dille destek verin ve sürecin nasıl işleyeceğini adım adım anlatın.",Orta,"{'status': 'Çözülemedi', 'explanation': 'Müşteri, yorumunun hangi kurala aykırı olduğunun açıklanmasını talep ediyor. Mevcut konuşmada bot, genel bir açıklama sunmuş olsa da spesifik hangi kuralın ihlal edildiğini belirtmemiş ve müşteri hâlâ sinirli şekilde cevap veriyor. Şu ana kadar somut bir aksiyon (açıklama sağlanması, karar/geri dönüş) alınmadı; müşteri tatmin olmamış durumda. Çözüm için önerilen adımlar: 1) Müşteriyle hangi kurallara göre inceleme yapıldığını ve hangi özel kuralın ihlal edildiğini net olarak belirtin; 2) Gerekirse genel içerik moderasyon kurallarını kısa ve anlaşılır bir özet olarak paylaşın ve örnekler verin; 3) Gerekirse moderasyon ekibiyle inceleme yapıp net cevap verin; 4) Müşteriye sakin bir dille destek verin ve sürecin nasıl işleyeceğini adım adım anlatın.', 'confidence': 'Orta'}",Çözülemedi,resolution,True
90018,Çözüldü,Kullanıcı 'Anladım. Teşekkürler.' dediği için çözüm kabul edildi olarak değerlendiriyoruz. Ayrıca teknik ekibin hatayı çözeceği bilgisi paylaşıldı ve müşteri teşekkür etti.,Yüksek,"{'status': 'Çözüldü', 'explanation': ""Kullanıcı 'Anladım. Teşekkürler.' dediği için çözüm kabul edildi olarak değerlendiriyoruz. Ayrıca teknik ekibin hatayı çözeceği bilgisi paylaşıldı ve müşteri teşekkür etti."", 'confidence': 'Yüksek'}",Çözüldü,resolution,True
90019,Çözülemedi,"Kullanıcının ödemesi hesabından çekildiği halde siparişler sayfasında görünmüyor ve iade/geri ödeme süreciyle ilgili net aksiyon alınmadı. Verilen yanıt sadece “bir süre bekleyin” şeklinde belirsiz bir çözüm sunuyor; müşterinin para iadesi talebi karşılanmadı ve konu çözümlenmedi. Bir sonraki adım olarak sipariş ile ödeme bilgisinin doğrulanması, iade/geri ödeme sürecinin başlatılması veya müşteriye net ETA/veri paylaşımı yapılması gerekir. Ayrıca müşteriye hangi adımları izlemeleri gerektiği konusunda yönlendirme verilmeli ve mümkünse bir çözüm takibi sağlanmalı.",Orta,"{'status': 'Çözülemedi', 'explanation': 'Kullanıcının ödemesi hesabından çekildiği halde siparişler sayfasında görünmüyor ve iade/geri ödeme süreciyle ilgili net aksiyon alınmadı. Verilen yanıt sadece “bir süre bekleyin” şeklinde belirsiz bir çözüm sunuyor; müşterinin para iadesi talebi karşılanmadı ve konu çözümlenmedi. Bir sonraki adım olarak sipariş ile ödeme bilgisinin doğrulanması, iade/geri ödeme sürecinin başlatılması veya müşteriye net ETA/veri paylaşımı yapılması gerekir. Ayrıca müşteriye hangi adımları izlemeleri gerektiği konusunda yönlendirme verilmeli ve mümkünse bir çözüm takibi sağlanmalı.', 'confidence': 'Orta'}",Çözülemedi,resolution,True
90020,Çözüldü,Müşteri kumaş bilgisi istedi. Ürün açıklamasında bu bilginin bulunduğu bilgisi verildi ve müşteri bunu teyit ederek teşekkür etti. Bilgi verme + teşekkür = Çözüm kabul edildi. Bu nedenle durum Çözüldü olarak değerlendirildi.,Yüksek,"{'status': 'Çözüldü', 'explanation': 'Müşteri kumaş bilgisi istedi. Ürün açıklamasında bu bilginin bulunduğu bilgisi verildi ve müşteri bunu teyit ederek teşekkür etti. Bilgi verme + teşekkür = Çözüm kabul edildi. Bu nedenle durum Çözüldü olarak değerlendirildi.', 'confidence': 'Yüksek'}",Çözüldü,resolution,True
90021,Çözüldü,"Müşteri eksik promosyon ürünleri için sipariş numarasını verdi; bot eksik ürünlerin en kısa sürede kargoya verileceğini bildirdi ve özür diledi. Müşteri 'Çok teşekkür ederim, hızlı çözüm için' dedi; Bu bilgi verme + teşekkür kombinasyonu olduğundan çözüm kabul edildi.",Yüksek,"{'status': 'Çözüldü', 'explanation': ""Müşteri eksik promosyon ürünleri için sipariş numarasını verdi; bot eksik ürünlerin en kısa sürede kargoya verileceğini bildirdi ve özür diledi. Müşteri 'Çok teşekkür ederim, hızlı çözüm için' dedi; Bu bilgi verme + teşekkür kombinasyonu olduğundan çözüm kabul edildi."", 'confidence': 'Yüksek'}",Çözüldü,resolution,True
90022,Çözülemedi,"Müşteri siparişini iptal ettiğini ve yaklaşık bir haftadır iadesinin banka hesabına geçmesini beklediğini belirtti. Bot ise yalnızca iade süresinin 1-5 iş günlüğü olduğunu bildirdi ve süreçle ilgili herhangi bir aksiyon (iade durumunun kontrolü, finansla iletişime geçilmesi veya iade işleminin hızlandırılması gibi) sunmadı. Bu nedenle durum çözümlenmedi; müşteri hala iadesinin gerçekleşmediğinden şikayetçi ve memnun değil. Yapılması gerekenler: iade kaydını ve iptal durumunu doğrulayın, iade durumunu finansla teyit edin/yeniden tetikleyin ve müşteriye net bir gün/çözüm bilgisi verin, gerekiyorsa özrünüzü ve telafi adımlarını iletin.",Orta,"{'status': 'Çözülemedi', 'explanation': 'Müşteri siparişini iptal ettiğini ve yaklaşık bir haftadır iadesinin banka hesabına geçmesini beklediğini belirtti. Bot ise yalnızca iade süresinin 1-5 iş günlüğü olduğunu bildirdi ve süreçle ilgili herhangi bir aksiyon (iade durumunun kontrolü, finansla iletişime geçilmesi veya iade işleminin hızlandırılması gibi) sunmadı. Bu nedenle durum çözümlenmedi; müşteri hala iadesinin gerçekleşmediğinden şikayetçi ve memnun değil. Yapılması gerekenler: iade kaydını ve iptal durumunu doğrulayın, iade durumunu finansla teyit edin/yeniden tetikleyin ve müşteriye net bir gün/çözüm bilgisi verin, gerekiyorsa özrünüzü ve telafi adımlarını iletin.', 'confidence': 'Orta'}",Çözülemedi,resolution,True
90023,Çözüldü,Müşteri hasar bildirimi iletti; kargo kaynaklı olduğunu düşündüğünü belirtti. Sipariş numarası 78965412 ve hasarlı fotoğrafı iletildi. Fotoğraf incelendi ve hasarlı ürünün en kısa sürede yenisiyle değiştirilmesi bilgisi verildi; süreç hakkında bilgilendirme yapıldı ve müşteri teşekkür etti. Bu nedenle çözüm kabul edildi.,Yüksek,"{'status': 'Çözüldü', 'explanation': 'Müşteri hasar bildirimi iletti; kargo kaynaklı olduğunu düşündüğünü belirtti. Sipariş numarası 78965412 ve hasarlı fotoğrafı iletildi. Fotoğraf incelendi ve hasarlı ürünün en kısa sürede yenisiyle değiştirilmesi bilgisi verildi; süreç hakkında bilgilendirme yapıldı ve müşteri teşekkür etti. Bu nedenle çözüm kabul edildi.', 'confidence': 'Yüksek'}",Çözüldü,resolution,True
90024,Çözülemedi,"Müşteri değiştirme (exchange) talebini net şekilde yanıtlanmadı. Bot, iade sürecini başlatarak yeniden sipariş önerdi, ancak mevcutta exchange seçeneğinin olup olmadığını belirtmedi ve müşterinin sorusuna doğrudan cevap verilmedi. Ardından müşteri zahmetli olduğunu belirtti ve çözüm için somut bir aksiyon ya da yönlendirme almadı. Bu nedenle çözüm sağlanamadı.",Yüksek,"{'status': 'Çözülemedi', 'explanation': 'Müşteri değiştirme (exchange) talebini net şekilde yanıtlanmadı. Bot, iade sürecini başlatarak yeniden sipariş önerdi, ancak mevcutta exchange seçeneğinin olup olmadığını belirtmedi ve müşterinin sorusuna doğrudan cevap verilmedi. Ardından müşteri zahmetli olduğunu belirtti ve çözüm için somut bir aksiyon ya da yönlendirme almadı. Bu nedenle çözüm sağlanamadı.', 'confidence': 'Yüksek'}",Çözülemedi,resolution,True
90025,Çözüldü,"Kampanyalar ana sayfa ve e-posta bülteni üzerinden erişilebilir olduğu bilgisi verildi. Müşteri 'Tamam, kontrol edeceğim. Teşekkürler' diyerek çözümü kabul etti.",Yüksek,"{'status': 'Çözüldü', 'explanation': ""Kampanyalar ana sayfa ve e-posta bülteni üzerinden erişilebilir olduğu bilgisi verildi. Müşteri 'Tamam, kontrol edeceğim. Teşekkürler' diyerek çözümü kabul etti."", 'confidence': 'Yüksek'}",Çözüldü,resolution,True
90026,Çözüldü,"Müşteri yanlış gelen ürünü bildirdi, sipariş numarası ve fotoğraf ile teyit edildi. Bot, doğru ürünün en kısa sürede gönderileceğini ve yanlış ürünün kargo ile ücretsiz iade edilebileceğini belirtti. Müşteri 'çok iyi, teşekkür ederim' diyerek memnuniyet ifade etti, çözüm kabul edildi.",Yüksek,"{'status': 'Çözüldü', 'explanation': ""Müşteri yanlış gelen ürünü bildirdi, sipariş numarası ve fotoğraf ile teyit edildi. Bot, doğru ürünün en kısa sürede gönderileceğini ve yanlış ürünün kargo ile ücretsiz iade edilebileceğini belirtti. Müşteri 'çok iyi, teşekkür ederim' diyerek memnuniyet ifade etti, çözüm kabul edildi."", 'confidence': 'Yüksek'}",Çözüldü,resolution,True
90027,Çözüldü,"Bilgi/verme: Bot hesap kapatma adımını açıkladı ('Hesabımı Kapat' butonu ile kapatabilirsiniz). Müşteri 'Anladım, teşekkürler' dedi, yani bilgi alındı ve teşekkür edildi. Bu durumda Bilgi verildi + teşekkür = Çözüm kabul edildi.",Yüksek,"{'status': 'Çözüldü', 'explanation': ""Bilgi/verme: Bot hesap kapatma adımını açıkladı ('Hesabımı Kapat' butonu ile kapatabilirsiniz). Müşteri 'Anladım, teşekkürler' dedi, yani bilgi alındı ve teşekkür edildi. Bu durumda Bilgi verildi + teşekkür = Çözüm kabul edildi."", 'confidence': 'Yüksek'}",Çözüldü,resolution,True
90028,Çözülemedi,"Ürün stokta olmadığı için siparişte eksik çıktı ve iade süreci bilgisi verildi. Müşteri ise iade istememekte, ürünü hemen almak istiyor. Şu aşamada somut bir aksiyon (örneğin backorder/bekleme listesi, alternatif ürün önerisi veya stok geldiğinde öncelikli gönderim) uygulanmadı; müşteri talebine doğrudan çözüm sunulmadığı için durum çözümlenmedi olarak kalıyor.",Yüksek,"{'status': 'Çözülemedi', 'explanation': 'Ürün stokta olmadığı için siparişte eksik çıktı ve iade süreci bilgisi verildi. Müşteri ise iade istememekte, ürünü hemen almak istiyor. Şu aşamada somut bir aksiyon (örneğin backorder/bekleme listesi, alternatif ürün önerisi veya stok geldiğinde öncelikli gönderim) uygulanmadı; müşteri talebine doğrudan çözüm sunulmadığı için durum çözümlenmedi olarak kalıyor.', 'confidence': 'Yüksek'}",Çözülemedi,resolution,True
90029,Çözüldü,İade kodunun süresi dolmuş olduğu için yeni bir iade kodu oluşturuldu: ABC-5678. Müşteriye gerekli bilgi verildi ve sorun çözüldü; müşteri “Harika! Çok teşekkürler.” diyerek memnuniyetini ifade etti.,Yüksek,"{'status': 'Çözüldü', 'explanation': 'İade kodunun süresi dolmuş olduğu için yeni bir iade kodu oluşturuldu: ABC-5678. Müşteriye gerekli bilgi verildi ve sorun çözüldü; müşteri “Harika! Çok teşekkürler.” diyerek memnuniyetini ifade etti.', 'confidence': 'Yüksek'}",Çözüldü,resolution,True
90030,Çözüldü,"Müşteri, sipariş henüz kargoya verilmediğini belirtti ve adresini hesap üzerinden güncelleyebileceğini öğrendi. Ayrıca kargoya verme süresi hakkında bilgi verildi ve müşteri teşekkür etti. Teşekkür etmesi, çözümün kabul edildiğini gösterir. Bu nedenle bilgi verme/ yönlendirme ile sorun çözüldü.",Yüksek,"{'status': 'Çözüldü', 'explanation': 'Müşteri, sipariş henüz kargoya verilmediğini belirtti ve adresini hesap üzerinden güncelleyebileceğini öğrendi. Ayrıca kargoya verme süresi hakkında bilgi verildi ve müşteri teşekkür etti. Teşekkür etmesi, çözümün kabul edildiğini gösterir. Bu nedenle bilgi verme/ yönlendirme ile sorun çözüldü.', 'confidence': 'Yüksek'}",Çözüldü,resolution,True
90031,Çözüldü,"Sipariş durumuyla ilgili bilgi verildi: kargoya verilmiş ve yolda, tahmini teslimat 3-4 gün olarak belirtildi. Müşteri teşekkür etti ('Tamam, çok sağolun'), bu durumda çözüm kabul edildi.",Yüksek,"{'status': 'Çözüldü', 'explanation': ""Sipariş durumuyla ilgili bilgi verildi: kargoya verilmiş ve yolda, tahmini teslimat 3-4 gün olarak belirtildi. Müşteri teşekkür etti ('Tamam, çok sağolun'), bu durumda çözüm kabul edildi."", 'confidence': 'Yüksek'}",Çözüldü,resolution,True
90032,Çözülemedi,"Müşteri ödeme çekilmediğini belirtti ve siparişin tamamlanmadığı görüldü. Bot şu an için sadece 'tekrar deneyin' diye yönlendirdi ve müşteri 'Ne yapabilirim?' diye net bir çözüm talep etti. Şu anda somut bir aksiyon/adım uygulanmadı. İzlenebilecek adımlar: ödeme sayfasını yeniden yükleyip işlemi yeniden başlatmak, farklı ödeme yöntemi denemek, banka/finans kurulu ile iletişime geçip işlem engellerini kontrol etmek, sipariş durumunu tekrar kontrol etmek için destekle iletişime geçmek. Bu adımlar uygulanırsa süreç çözülebilir.",Orta,"{'status': 'Çözülemedi', 'explanation': ""Müşteri ödeme çekilmediğini belirtti ve siparişin tamamlanmadığı görüldü. Bot şu an için sadece 'tekrar deneyin' diye yönlendirdi ve müşteri 'Ne yapabilirim?' diye net bir çözüm talep etti. Şu anda somut bir aksiyon/adım uygulanmadı. İzlenebilecek adımlar: ödeme sayfasını yeniden yükleyip işlemi yeniden başlatmak, farklı ödeme yöntemi denemek, banka/finans kurulu ile iletişime geçip işlem engellerini kontrol etmek, sipariş durumunu tekrar kontrol etmek için destekle iletişime geçmek. Bu adımlar uygulanırsa süreç çözülebilir."", 'confidence': 'Orta'}",Çözülemedi,resolution,True
90033,Çözüldü,"İade süreci başlatıldı, iade kodu oluşturuldu ve kargoya ücretsiz iade seçeneği sunuldu. Müşteri bilgi aldı ve teşekkür etti; çözüm bilgisi verildi. Bu durumda müşteri teşekkür ettiği için çözüm kabul edildi.",Yüksek,"{'status': 'Çözüldü', 'explanation': 'İade süreci başlatıldı, iade kodu oluşturuldu ve kargoya ücretsiz iade seçeneği sunuldu. Müşteri bilgi aldı ve teşekkür etti; çözüm bilgisi verildi. Bu durumda müşteri teşekkür ettiği için çözüm kabul edildi.', 'confidence': 'Yüksek'}",Çözüldü,resolution,True
90034,Çözülemedi,"Kullanıcının kupon kodunun çalışmamasıyla ilgili somut bir çözüm sunulmadı. Yapılan kontroller sistemde sorun görünmediğini gösterse de kullanıcıya net adımlar (yeniden deneme önerisi, kuponun geçerlilik/kriterlerinin somut kontrolü, manuel uygulama/teknik destek yönlendirmesi vb.) verilmedi ve müşteri hâlâ çözüm bekliyor.",Yüksek,"{'status': 'Çözülemedi', 'explanation': 'Kullanıcının kupon kodunun çalışmamasıyla ilgili somut bir çözüm sunulmadı. Yapılan kontroller sistemde sorun görünmediğini gösterse de kullanıcıya net adımlar (yeniden deneme önerisi, kuponun geçerlilik/kriterlerinin somut kontrolü, manuel uygulama/teknik destek yönlendirmesi vb.) verilmedi ve müşteri hâlâ çözüm bekliyor.', 'confidence': 'Yüksek'}",Çözülemedi,resolution,True
90035,Çözülemedi,"Müşteri halen şikayet halinde ve çözüm için tatmin edici bir aksiyon alınmamış. Bot yalnızca 'biraz bekleyin' şeklinde belirsiz bir yanıt verdi; net ETA, yeni takip bilgisi veya kargo firmasıyla durum güncellemesi gibi somut adım reddedilmedi ancak şu anda müşteri memnuniyetsizliğini gideren bir çözüm sunulmadı. Prosedür/etkileşim yönlendirmesi (örneğin hangi adımları atacağı) ve açık zaman çerçevesi sağlanmalı; aksi halde müşteri çözümü kabul etmedi. En uygun ilerleme: kargo firmasıyla iletişime geçip net teslimat bilgisi/ETA paylaşmak veya müşteri talebine uygun çözüm sunmak (yeniden takip numarası, iade/geri ödeme seçenekleri vb.).",Orta,"{'status': 'Çözülemedi', 'explanation': ""Müşteri halen şikayet halinde ve çözüm için tatmin edici bir aksiyon alınmamış. Bot yalnızca 'biraz bekleyin' şeklinde belirsiz bir yanıt verdi; net ETA, yeni takip bilgisi veya kargo firmasıyla durum güncellemesi gibi somut adım reddedilmedi ancak şu anda müşteri memnuniyetsizliğini gideren bir çözüm sunulmadı. Prosedür/etkileşim yönlendirmesi (örneğin hangi adımları atacağı) ve açık zaman çerçevesi sağlanmalı; aksi halde müşteri çözümü kabul etmedi. En uygun ilerleme: kargo firmasıyla iletişime geçip net teslimat bilgisi/ETA paylaşmak veya müşteri talebine uygun çözüm sunmak (yeniden takip numarası, iade/geri ödeme seçenekleri vb.)."", 'confidence': 'Orta'}",Çözülemedi,resolution,True
90036,Çözüldü,"Sipariş iptal talebi kargoya verilmeden işleme alınmış ve iptal edilmiştir. Müşteri teşekkür etti, bu da çözümün kabul edildiğini gösterir.",Yüksek,"{'status': 'Çözüldü', 'explanation': 'Sipariş iptal talebi kargoya verilmeden işleme alınmış ve iptal edilmiştir. Müşteri teşekkür etti, bu da çözümün kabul edildiğini gösterir.', 'confidence': 'Yüksek'}",Çözüldü,resolution,True
90037,Çözüldü,"Müşteriye teknik servise gönderim gerektiği bilgisi verildi ve gönderim detayları için e-posta paylaşılması istendi. Bilgi verildi + müşteri teşekkür etti (〝Tamam, teşekkürler〟), bu durum Çözüldü olarak kabul edilir.",Yüksek,"{'status': 'Çözüldü', 'explanation': 'Müşteriye teknik servise gönderim gerektiği bilgisi verildi ve gönderim detayları için e-posta paylaşılması istendi. Bilgi verildi + müşteri teşekkür etti (〝Tamam, teşekkürler〟), bu durum Çözüldü olarak kabul edilir.', 'confidence': 'Yüksek'}",Çözüldü,resolution,True
90038,Çözüldü,Kullanıcıya e-posta bülteninden çıkma için alt kısımdaki abonelikten çık linkinin kullanılması gerektiğini söyledik. Kullanıcı 'Anladım. Teşekkürler.' dediği için bilgi verilmesi ve memnuniyetiyle çözüm kabul edildi.,Yüksek,"{'status': 'Çözüldü', 'explanation': ""Kullanıcıya e-posta bülteninden çıkma için alt kısımdaki abonelikten çık linkinin kullanılması gerektiğini söyledik. Kullanıcı 'Anladım. Teşekkürler.' dediği için bilgi verilmesi ve memnuniyetiyle çözüm kabul edildi."", 'confidence': 'Yüksek'}",Çözüldü,resolution,True
90039,Çözüldü,"Kargo firmasıyla iletişime geçildi ve gecikme yaşandığı bilgisi paylaşıldı; teslimatın yarın yapılacağı belirtildi. Müşteri 'Tamam, teşekkürler. Artık yarın gelsin.' diyerek onayladı ve teşekkür etti.",Yüksek,"{'status': 'Çözüldü', 'explanation': ""Kargo firmasıyla iletişime geçildi ve gecikme yaşandığı bilgisi paylaşıldı; teslimatın yarın yapılacağı belirtildi. Müşteri 'Tamam, teşekkürler. Artık yarın gelsin.' diyerek onayladı ve teşekkür etti."", 'confidence': 'Yüksek'}",Çözüldü,resolution,True
90040,Çözülemedi,"Müşterinin iade süreci 10 gündür sürüyor ve şu ana kadar somut bir çözüm/ aksiyon alınmış gibi görünmüyor. Bot, iadenin 1-3 iş günü içinde bankaya yansımasının sürebileceğini belirtmiş olsa da müşteri hâlâ bekliyor ve 'artık yeter' şeklinde memnuniyetsizliğini ifade ediyor. Bilgi verilmiş olsa da güncel durum için net bir güncelleme veya hızlandırma adımı müşteriye sunulmadı. Bu nedenle durum çözümsüz olarak değerlendiriliyor ve süreçte güncelleme/ekip müdahalesi gerektiriyor.",Orta,"{'status': 'Çözülemedi', 'explanation': ""Müşterinin iade süreci 10 gündür sürüyor ve şu ana kadar somut bir çözüm/ aksiyon alınmış gibi görünmüyor. Bot, iadenin 1-3 iş günü içinde bankaya yansımasının sürebileceğini belirtmiş olsa da müşteri hâlâ bekliyor ve 'artık yeter' şeklinde memnuniyetsizliğini ifade ediyor. Bilgi verilmiş olsa da güncel durum için net bir güncelleme veya hızlandırma adımı müşteriye sunulmadı. Bu nedenle durum çözümsüz olarak değerlendiriliyor ve süreçte güncelleme/ekip müdahalesi gerektiriyor."", 'confidence': 'Orta'}",Çözülemedi,resolution,True
